{"payload":{"installed_packages":["asttokens==2.4.1","attrs==23.1.0","certifi==2023.7.22","charset-normalizer==3.3.2","colorama==0.4.6","comet-ml==3.35.2","comm==0.2.0","configobj==5.0.8","contourpy==1.2.0","cycler==0.12.1","debugpy==1.8.0","decorator==5.1.1","dulwich==0.21.6","everett==3.1.0","exceptiongroup==1.1.3","executing==2.0.1","filelock==3.13.1","fonttools==4.44.0","fsspec==2023.10.0","gitdb==4.0.11","gitpython==3.1.40","idna==3.4","ipykernel==6.26.0","ipython==8.17.2","jedi==0.19.1","jinja2==3.1.2","jsonschema-specifications==2023.7.1","jsonschema==4.19.2","jupyter-client==8.6.0","jupyter-core==5.5.0","kiwisolver==1.4.5","markdown-it-py==3.0.0","markupsafe==2.1.3","matplotlib-inline==0.1.6","matplotlib==3.8.1","mdurl==0.1.2","mpmath==1.3.0","nest-asyncio==1.5.8","networkx==3.2.1","numpy==1.26.1","opencv-python==4.8.1.78","packaging==23.2","pandas==2.1.2","parso==0.8.3","pillow==10.1.0","pip==23.3.1","platformdirs==3.11.0","prompt-toolkit==3.0.39","psutil==5.9.6","pure-eval==0.2.2","py-cpuinfo==9.0.0","pygments==2.16.1","pyparsing==3.1.1","python-box==6.1.0","python-dateutil==2.8.2","pytz==2023.3.post1","pywin32==306","pyyaml==6.0.1","pyzmq==25.1.1","referencing==0.30.2","requests-toolbelt==1.0.0","requests==2.31.0","rich==13.6.0","rpds-py==0.12.0","scipy==1.11.3","seaborn==0.13.0","semantic-version==2.10.0","sentry-sdk==1.34.0","setuptools==68.2.1","simplejson==3.19.2","six==1.16.0","smmap==5.0.1","stack-data==0.6.3","sympy==1.12","thop==0.1.1.post2209072238","torch==2.1.0+cu118","torchaudio==2.1.0+cu118","torchvision==0.16.0","tornado==6.3.3","tqdm==4.66.1","traitlets==5.13.0","typing-extensions==4.8.0","tzdata==2023.3","ultralytics==8.0.207","urllib3==2.0.7","utils==1.0.1","wcwidth==0.2.9","websocket-client==1.3.3","wheel==0.41.2","wrapt==1.15.0","wurlitzer==3.0.3"],"local_timestamp":1699472436603,"message_id":1},"type":"ws_msg"}
{"payload":{"env_details":{"command":["yolov5/train.py","--batch","165","--epochs","3","--data","dataset.yaml","--cfg","yolov5.yaml","--weights","yolov5s.pt","--cache"],"env":null,"hostname":"DESKTOP-VTP7K0U","ip":"10.236.221.112","machine":"AMD64","os":"Windows-10-10.0.22621-SP0","os_release":"10","os_type":"Windows","pid":26756,"processor":"AMD64 Family 25 Model 80 Stepping 0, AuthenticAMD","python_exe":"c:\\Users\\admin\\OneDrive\\Documents\\GitHub\\Other\\biotech-oil-spills-2023\\venv\\Scripts\\python.exe","python_version":"3.10.11","python_version_verbose":"3.10.11 (tags/v3.10.11:7d4cc5a, Apr  5 2023, 00:38:17) [MSC v.1929 64 bit (AMD64)]","user":"admin"},"local_timestamp":1699472436683,"message_id":2},"type":"ws_msg"}
{"payload":{"local_timestamp":1699472437457,"message_id":3,"metric":{"epoch":null,"metricName":"sys.cpu.percent.avg","metricValue":0.0,"step":null}},"type":"metric_msg"}
{"payload":{"local_timestamp":1699472437457,"message_id":4,"metric":{"epoch":null,"metricName":"sys.ram.total","metricValue":16483872768,"step":null}},"type":"metric_msg"}
{"payload":{"local_timestamp":1699472437457,"message_id":5,"metric":{"epoch":null,"metricName":"sys.ram.used","metricValue":14546952192,"step":null}},"type":"metric_msg"}
{"payload":{"local_timestamp":1699472437457,"message_id":6,"metric":{"epoch":null,"metricName":"sys.ram.available","metricValue":1936920576,"step":null}},"type":"metric_msg"}
{"payload":{"local_timestamp":1699472437457,"message_id":7,"metric":{"epoch":null,"metricName":"sys.ram.percent.used","metricValue":88.2,"step":null}},"type":"metric_msg"}
{"payload":{"local_timestamp":1699472437457,"message_id":8,"metric":{"epoch":null,"metricName":"sys.load.avg","metricValue":0.0,"step":null}},"type":"metric_msg"}
{"payload":{"local_timestamp":1699472437467,"message_id":9,"param":{"paramName":"batch","paramValue":165,"source":"cli","step":null}},"type":"parameter_msg"}
{"payload":{"local_timestamp":1699472437467,"message_id":10,"param":{"paramName":"epochs","paramValue":3,"source":"cli","step":null}},"type":"parameter_msg"}
{"payload":{"local_timestamp":1699472437467,"message_id":11,"param":{"paramName":"data","paramValue":"dataset.yaml","source":"cli","step":null}},"type":"parameter_msg"}
{"payload":{"local_timestamp":1699472437467,"message_id":12,"param":{"paramName":"cfg","paramValue":"yolov5.yaml","source":"cli","step":null}},"type":"parameter_msg"}
{"payload":{"local_timestamp":1699472437467,"message_id":13,"param":{"paramName":"weights","paramValue":"yolov5s.pt","source":"cli","step":null}},"type":"parameter_msg"}
{"payload":{"local_timestamp":1699472437467,"message_id":14,"param":{"paramName":"cache","paramValue":true,"source":"cli","step":null}},"type":"parameter_msg"}
{"payload":{"local_timestamp":1699472437468,"log_other":{"key":"offline_experiment","val":true},"message_id":15},"type":"ws_msg"}
{"payload":{"local_timestamp":1699472437469,"log_other":{"key":"Name","val":"exp"},"message_id":16},"type":"ws_msg"}
{"payload":{"additional_params":{"assetId":"d0c2a2b686764fa59caeaf05ddde5fbf","context":null,"extension":"yaml","fileName":"dataset.yaml","overwrite":false,"runId":null,"step":null},"clean":true,"file_path":"tmpob7vxras","local_timestamp":1699472437474,"message_id":17,"metadata":{"type":"data-config-file"},"upload_type":"asset"},"type":"file_upload"}
{"payload":{"local_timestamp":1699472437489,"log_other":{"key":"Created from","val":"YOLOv5"},"message_id":18},"type":"ws_msg"}
{"payload":{"local_timestamp":1699472437489,"log_other":{"key":"hasNestedParams","val":true},"message_id":19},"type":"ws_msg"}
{"payload":{"local_timestamp":1699472437489,"message_id":20,"param":{"paramName":"artifact_alias","paramValue":"latest","source":"manual","step":null}},"type":"parameter_msg"}
{"payload":{"local_timestamp":1699472437489,"message_id":21,"param":{"paramName":"batch_size","paramValue":165,"source":"manual","step":null}},"type":"parameter_msg"}
{"payload":{"local_timestamp":1699472437489,"message_id":22,"param":{"paramName":"bbox_interval","paramValue":-1,"source":"manual","step":null}},"type":"parameter_msg"}
{"payload":{"local_timestamp":1699472437489,"message_id":23,"param":{"paramName":"bucket","paramValue":"","source":"manual","step":null}},"type":"parameter_msg"}
{"payload":{"local_timestamp":1699472437489,"message_id":24,"param":{"paramName":"cache","paramValue":"ram","source":"manual","step":null}},"type":"parameter_msg"}
{"payload":{"local_timestamp":1699472437489,"message_id":25,"param":{"paramName":"cos_lr","paramValue":false,"source":"manual","step":null}},"type":"parameter_msg"}
{"payload":{"local_timestamp":1699472437489,"message_id":26,"param":{"paramName":"device","paramValue":"","source":"manual","step":null}},"type":"parameter_msg"}
{"payload":{"local_timestamp":1699472437489,"message_id":27,"param":{"paramName":"entity","paramValue":null,"source":"manual","step":null}},"type":"parameter_msg"}
{"payload":{"local_timestamp":1699472437489,"message_id":28,"param":{"paramName":"evolve","paramValue":null,"source":"manual","step":null}},"type":"parameter_msg"}
{"payload":{"local_timestamp":1699472437489,"message_id":29,"param":{"paramName":"exist_ok","paramValue":false,"source":"manual","step":null}},"type":"parameter_msg"}
{"payload":{"local_timestamp":1699472437489,"message_id":30,"params":{"paramName":"freeze","paramValue":[0],"source":"manual","step":null}},"type":"parameter_msg"}
{"payload":{"local_timestamp":1699472437489,"message_id":31,"param":{"paramName":"hyp|anchor_t","paramValue":4.0,"source":"manual","step":null}},"type":"parameter_msg"}
{"payload":{"local_timestamp":1699472437489,"message_id":32,"param":{"paramName":"hyp|box","paramValue":0.05,"source":"manual","step":null}},"type":"parameter_msg"}
{"payload":{"local_timestamp":1699472437489,"message_id":33,"param":{"paramName":"hyp|cls","paramValue":0.5,"source":"manual","step":null}},"type":"parameter_msg"}
{"payload":{"local_timestamp":1699472437489,"message_id":34,"param":{"paramName":"hyp|cls_pw","paramValue":1.0,"source":"manual","step":null}},"type":"parameter_msg"}
{"payload":{"local_timestamp":1699472437489,"message_id":35,"param":{"paramName":"hyp|copy_paste","paramValue":0.0,"source":"manual","step":null}},"type":"parameter_msg"}
{"payload":{"local_timestamp":1699472437489,"message_id":36,"param":{"paramName":"hyp|degrees","paramValue":0.0,"source":"manual","step":null}},"type":"parameter_msg"}
{"payload":{"local_timestamp":1699472437489,"message_id":37,"param":{"paramName":"hyp|fl_gamma","paramValue":0.0,"source":"manual","step":null}},"type":"parameter_msg"}
{"payload":{"local_timestamp":1699472437489,"message_id":38,"param":{"paramName":"hyp|fliplr","paramValue":0.5,"source":"manual","step":null}},"type":"parameter_msg"}
{"payload":{"local_timestamp":1699472437489,"message_id":39,"param":{"paramName":"hyp|flipud","paramValue":0.0,"source":"manual","step":null}},"type":"parameter_msg"}
{"payload":{"local_timestamp":1699472437489,"message_id":40,"param":{"paramName":"hyp|hsv_h","paramValue":0.015,"source":"manual","step":null}},"type":"parameter_msg"}
{"payload":{"local_timestamp":1699472437489,"message_id":41,"param":{"paramName":"hyp|hsv_s","paramValue":0.7,"source":"manual","step":null}},"type":"parameter_msg"}
{"payload":{"local_timestamp":1699472437489,"message_id":42,"param":{"paramName":"hyp|hsv_v","paramValue":0.4,"source":"manual","step":null}},"type":"parameter_msg"}
{"payload":{"local_timestamp":1699472437489,"message_id":43,"param":{"paramName":"hyp|iou_t","paramValue":0.2,"source":"manual","step":null}},"type":"parameter_msg"}
{"payload":{"local_timestamp":1699472437489,"message_id":44,"param":{"paramName":"hyp|lr0","paramValue":0.01,"source":"manual","step":null}},"type":"parameter_msg"}
{"payload":{"local_timestamp":1699472437489,"message_id":45,"param":{"paramName":"hyp|lrf","paramValue":0.01,"source":"manual","step":null}},"type":"parameter_msg"}
{"payload":{"local_timestamp":1699472437489,"message_id":46,"param":{"paramName":"hyp|mixup","paramValue":0.0,"source":"manual","step":null}},"type":"parameter_msg"}
{"payload":{"local_timestamp":1699472437489,"message_id":47,"param":{"paramName":"hyp|momentum","paramValue":0.937,"source":"manual","step":null}},"type":"parameter_msg"}
{"payload":{"local_timestamp":1699472437489,"message_id":48,"param":{"paramName":"hyp|mosaic","paramValue":1.0,"source":"manual","step":null}},"type":"parameter_msg"}
{"payload":{"local_timestamp":1699472437489,"message_id":49,"param":{"paramName":"hyp|obj","paramValue":1.0,"source":"manual","step":null}},"type":"parameter_msg"}
{"payload":{"local_timestamp":1699472437489,"message_id":50,"param":{"paramName":"hyp|obj_pw","paramValue":1.0,"source":"manual","step":null}},"type":"parameter_msg"}
{"payload":{"local_timestamp":1699472437489,"message_id":51,"param":{"paramName":"hyp|perspective","paramValue":0.0,"source":"manual","step":null}},"type":"parameter_msg"}
{"payload":{"local_timestamp":1699472437489,"message_id":52,"param":{"paramName":"hyp|scale","paramValue":0.5,"source":"manual","step":null}},"type":"parameter_msg"}
{"payload":{"local_timestamp":1699472437489,"message_id":53,"param":{"paramName":"hyp|shear","paramValue":0.0,"source":"manual","step":null}},"type":"parameter_msg"}
{"payload":{"local_timestamp":1699472437489,"message_id":54,"param":{"paramName":"hyp|translate","paramValue":0.1,"source":"manual","step":null}},"type":"parameter_msg"}
{"payload":{"local_timestamp":1699472437489,"message_id":55,"param":{"paramName":"hyp|warmup_bias_lr","paramValue":0.1,"source":"manual","step":null}},"type":"parameter_msg"}
{"payload":{"local_timestamp":1699472437489,"message_id":56,"param":{"paramName":"hyp|warmup_epochs","paramValue":3.0,"source":"manual","step":null}},"type":"parameter_msg"}
{"payload":{"local_timestamp":1699472437489,"message_id":57,"param":{"paramName":"hyp|warmup_momentum","paramValue":0.8,"source":"manual","step":null}},"type":"parameter_msg"}
{"payload":{"local_timestamp":1699472437489,"message_id":58,"param":{"paramName":"hyp|weight_decay","paramValue":0.0005,"source":"manual","step":null}},"type":"parameter_msg"}
{"payload":{"local_timestamp":1699472437489,"message_id":59,"param":{"paramName":"image_weights","paramValue":false,"source":"manual","step":null}},"type":"parameter_msg"}
{"payload":{"local_timestamp":1699472437489,"message_id":60,"param":{"paramName":"imgsz","paramValue":640,"source":"manual","step":null}},"type":"parameter_msg"}
{"payload":{"local_timestamp":1699472437489,"message_id":61,"param":{"paramName":"label_smoothing","paramValue":0.0,"source":"manual","step":null}},"type":"parameter_msg"}
{"payload":{"local_timestamp":1699472437489,"message_id":62,"param":{"paramName":"local_rank","paramValue":-1,"source":"manual","step":null}},"type":"parameter_msg"}
{"payload":{"local_timestamp":1699472437489,"message_id":63,"param":{"paramName":"multi_scale","paramValue":false,"source":"manual","step":null}},"type":"parameter_msg"}
{"payload":{"local_timestamp":1699472437489,"message_id":64,"param":{"paramName":"name","paramValue":"exp","source":"manual","step":null}},"type":"parameter_msg"}
{"payload":{"local_timestamp":1699472437489,"message_id":65,"param":{"paramName":"noautoanchor","paramValue":false,"source":"manual","step":null}},"type":"parameter_msg"}
{"payload":{"local_timestamp":1699472437489,"message_id":66,"param":{"paramName":"noplots","paramValue":false,"source":"manual","step":null}},"type":"parameter_msg"}
{"payload":{"local_timestamp":1699472437489,"message_id":67,"param":{"paramName":"nosave","paramValue":false,"source":"manual","step":null}},"type":"parameter_msg"}
{"payload":{"local_timestamp":1699472437489,"message_id":68,"param":{"paramName":"noval","paramValue":false,"source":"manual","step":null}},"type":"parameter_msg"}
{"payload":{"local_timestamp":1699472437489,"message_id":69,"param":{"paramName":"optimizer","paramValue":"SGD","source":"manual","step":null}},"type":"parameter_msg"}
{"payload":{"local_timestamp":1699472437489,"message_id":70,"param":{"paramName":"patience","paramValue":100,"source":"manual","step":null}},"type":"parameter_msg"}
{"payload":{"local_timestamp":1699472437489,"message_id":71,"param":{"paramName":"project","paramValue":"yolov5\\runs\\train","source":"manual","step":null}},"type":"parameter_msg"}
{"payload":{"local_timestamp":1699472437489,"message_id":72,"param":{"paramName":"quad","paramValue":false,"source":"manual","step":null}},"type":"parameter_msg"}
{"payload":{"local_timestamp":1699472437489,"message_id":73,"param":{"paramName":"rect","paramValue":false,"source":"manual","step":null}},"type":"parameter_msg"}
{"payload":{"local_timestamp":1699472437489,"message_id":74,"param":{"paramName":"resume","paramValue":false,"source":"manual","step":null}},"type":"parameter_msg"}
{"payload":{"local_timestamp":1699472437489,"message_id":75,"param":{"paramName":"save_dir","paramValue":"yolov5\\runs\\train\\exp13","source":"manual","step":null}},"type":"parameter_msg"}
{"payload":{"local_timestamp":1699472437489,"message_id":76,"param":{"paramName":"save_period","paramValue":-1,"source":"manual","step":null}},"type":"parameter_msg"}
{"payload":{"local_timestamp":1699472437489,"message_id":77,"param":{"paramName":"seed","paramValue":0,"source":"manual","step":null}},"type":"parameter_msg"}
{"payload":{"local_timestamp":1699472437489,"message_id":78,"param":{"paramName":"single_cls","paramValue":false,"source":"manual","step":null}},"type":"parameter_msg"}
{"payload":{"local_timestamp":1699472437489,"message_id":79,"param":{"paramName":"sync_bn","paramValue":false,"source":"manual","step":null}},"type":"parameter_msg"}
{"payload":{"local_timestamp":1699472437489,"message_id":80,"param":{"paramName":"upload_dataset","paramValue":false,"source":"manual","step":null}},"type":"parameter_msg"}
{"payload":{"local_timestamp":1699472437489,"message_id":81,"param":{"paramName":"workers","paramValue":8,"source":"manual","step":null}},"type":"parameter_msg"}
{"payload":{"local_timestamp":1699472437489,"message_id":82,"param":{"paramName":"anchor_t","paramValue":4.0,"source":"manual","step":null}},"type":"parameter_msg"}
{"payload":{"local_timestamp":1699472437489,"message_id":83,"param":{"paramName":"box","paramValue":0.05,"source":"manual","step":null}},"type":"parameter_msg"}
{"payload":{"local_timestamp":1699472437489,"message_id":84,"param":{"paramName":"cls","paramValue":0.5,"source":"manual","step":null}},"type":"parameter_msg"}
{"payload":{"local_timestamp":1699472437489,"message_id":85,"param":{"paramName":"cls_pw","paramValue":1.0,"source":"manual","step":null}},"type":"parameter_msg"}
{"payload":{"local_timestamp":1699472437489,"message_id":86,"param":{"paramName":"copy_paste","paramValue":0.0,"source":"manual","step":null}},"type":"parameter_msg"}
{"payload":{"local_timestamp":1699472437489,"message_id":87,"param":{"paramName":"degrees","paramValue":0.0,"source":"manual","step":null}},"type":"parameter_msg"}
{"payload":{"local_timestamp":1699472437489,"message_id":88,"param":{"paramName":"fl_gamma","paramValue":0.0,"source":"manual","step":null}},"type":"parameter_msg"}
{"payload":{"local_timestamp":1699472437489,"message_id":89,"param":{"paramName":"fliplr","paramValue":0.5,"source":"manual","step":null}},"type":"parameter_msg"}
{"payload":{"local_timestamp":1699472437489,"message_id":90,"param":{"paramName":"flipud","paramValue":0.0,"source":"manual","step":null}},"type":"parameter_msg"}
{"payload":{"local_timestamp":1699472437489,"message_id":91,"param":{"paramName":"hsv_h","paramValue":0.015,"source":"manual","step":null}},"type":"parameter_msg"}
{"payload":{"local_timestamp":1699472437489,"message_id":92,"param":{"paramName":"hsv_s","paramValue":0.7,"source":"manual","step":null}},"type":"parameter_msg"}
{"payload":{"local_timestamp":1699472437489,"message_id":93,"param":{"paramName":"hsv_v","paramValue":0.4,"source":"manual","step":null}},"type":"parameter_msg"}
{"payload":{"local_timestamp":1699472437489,"message_id":94,"param":{"paramName":"iou_t","paramValue":0.2,"source":"manual","step":null}},"type":"parameter_msg"}
{"payload":{"local_timestamp":1699472437489,"message_id":95,"param":{"paramName":"lr0","paramValue":0.01,"source":"manual","step":null}},"type":"parameter_msg"}
{"payload":{"local_timestamp":1699472437489,"message_id":96,"param":{"paramName":"lrf","paramValue":0.01,"source":"manual","step":null}},"type":"parameter_msg"}
{"payload":{"local_timestamp":1699472437489,"message_id":97,"param":{"paramName":"mixup","paramValue":0.0,"source":"manual","step":null}},"type":"parameter_msg"}
{"payload":{"local_timestamp":1699472437489,"message_id":98,"param":{"paramName":"momentum","paramValue":0.937,"source":"manual","step":null}},"type":"parameter_msg"}
{"payload":{"local_timestamp":1699472437489,"message_id":99,"param":{"paramName":"mosaic","paramValue":1.0,"source":"manual","step":null}},"type":"parameter_msg"}
{"payload":{"local_timestamp":1699472437489,"message_id":100,"param":{"paramName":"obj","paramValue":1.0,"source":"manual","step":null}},"type":"parameter_msg"}
{"payload":{"local_timestamp":1699472437489,"message_id":101,"param":{"paramName":"obj_pw","paramValue":1.0,"source":"manual","step":null}},"type":"parameter_msg"}
{"payload":{"local_timestamp":1699472437489,"message_id":102,"param":{"paramName":"perspective","paramValue":0.0,"source":"manual","step":null}},"type":"parameter_msg"}
{"payload":{"local_timestamp":1699472437489,"message_id":103,"param":{"paramName":"scale","paramValue":0.5,"source":"manual","step":null}},"type":"parameter_msg"}
{"payload":{"local_timestamp":1699472437489,"message_id":104,"param":{"paramName":"shear","paramValue":0.0,"source":"manual","step":null}},"type":"parameter_msg"}
{"payload":{"local_timestamp":1699472437489,"message_id":105,"param":{"paramName":"translate","paramValue":0.1,"source":"manual","step":null}},"type":"parameter_msg"}
{"payload":{"local_timestamp":1699472437489,"message_id":106,"param":{"paramName":"warmup_bias_lr","paramValue":0.1,"source":"manual","step":null}},"type":"parameter_msg"}
{"payload":{"local_timestamp":1699472437489,"message_id":107,"param":{"paramName":"warmup_epochs","paramValue":3.0,"source":"manual","step":null}},"type":"parameter_msg"}
{"payload":{"local_timestamp":1699472437489,"message_id":108,"param":{"paramName":"warmup_momentum","paramValue":0.8,"source":"manual","step":null}},"type":"parameter_msg"}
{"payload":{"local_timestamp":1699472437489,"message_id":109,"param":{"paramName":"weight_decay","paramValue":0.0005,"source":"manual","step":null}},"type":"parameter_msg"}
{"payload":{"additional_params":{"assetId":"db14f685e5fd409cab7ce1e08861d081","context":null,"epoch":null,"extension":"json","fileName":"hyperparameters.json","overwrite":false,"runId":null,"step":null},"clean":true,"file_path":"tmpib9_o5x_","local_timestamp":1699472437529,"message_id":110,"metadata":{"type":"hyp-config-file"},"upload_type":"asset"},"type":"file_upload"}
{"payload":{"additional_params":{"assetId":"ada89f0c0a7f44a985b846ccf4d6826e","context":null,"extension":"yaml","fileName":"opt.yaml","overwrite":false,"runId":null,"step":null},"clean":true,"file_path":"tmptr2kpbr7","local_timestamp":1699472437497,"message_id":111,"metadata":{"type":"opt-config-file"},"upload_type":"asset"},"type":"file_upload"}
{"payload":{"local_timestamp":1699472437497,"message_id":112,"param":{"paramName":"val_conf_threshold","paramValue":0.001,"source":"manual","step":null}},"type":"parameter_msg"}
{"payload":{"local_timestamp":1699472437497,"message_id":113,"param":{"paramName":"val_iou_threshold","paramValue":0.6,"source":"manual","step":null}},"type":"parameter_msg"}
{"payload":{"local_timestamp":1699472437497,"log_other":{"key":"comet_mode","val":"online"},"message_id":114},"type":"ws_msg"}
{"payload":{"local_timestamp":1699472437497,"log_other":{"key":"comet_max_image_uploads","val":100},"message_id":115},"type":"ws_msg"}
{"payload":{"local_timestamp":1699472437497,"log_other":{"key":"comet_log_per_class_metrics","val":false},"message_id":116},"type":"ws_msg"}
{"payload":{"local_timestamp":1699472437497,"log_other":{"key":"comet_log_batch_metrics","val":false},"message_id":117},"type":"ws_msg"}
{"payload":{"local_timestamp":1699472437497,"log_other":{"key":"comet_log_confusion_matrix","val":true},"message_id":118},"type":"ws_msg"}
{"payload":{"local_timestamp":1699472437497,"log_other":{"key":"comet_model_name","val":"yolov5"},"message_id":119},"type":"ws_msg"}
{"payload":{"git_meta":{"branch":"refs/heads/master","origin":"https://github.com/Yoda-Flash/oil-spills.git","parent":"3b8a860c2e7b546710cd71b9abbaf2fc99e922bd","repo_name":"oil-spills","root":"3b8a860c2e7b546710cd71b9abbaf2fc99e922bd","status":null,"user":"Yoda-Flash"},"local_timestamp":1699472437633,"message_id":120},"type":"ws_msg"}
{"payload":{"local_timestamp":1699472437689,"message_id":121,"stderr":true,"stdout":"\n                 from  n    params  module                                  arguments                     \n"},"type":"ws_msg"}
{"payload":{"local_timestamp":1699472437705,"message_id":122,"stderr":true,"stdout":"  0                -1  1      3520  models.common.Focus                     [3, 32, 3]                    \n"},"type":"ws_msg"}
{"payload":{"local_timestamp":1699472437713,"message_id":123,"stderr":true,"stdout":"  1                -1  1     18560  models.common.Conv                      [32, 64, 3, 2]                \n"},"type":"ws_msg"}
{"payload":{"local_timestamp":1699472437713,"message_id":124,"stderr":true,"stdout":"  2                -1  1     20672  models.common.Bottleneck                [64, 64]                      \n"},"type":"ws_msg"}
{"payload":{"local_timestamp":1699472437721,"message_id":125,"stderr":true,"stdout":"  3                -1  1     73984  models.common.Conv                      [64, 128, 3, 2]               \n"},"type":"ws_msg"}
{"payload":{"local_timestamp":1699472437729,"message_id":126,"stderr":true,"stdout":"  4                -1  3    161152  models.common.BottleneckCSP             [128, 128, 3]                 \n"},"type":"ws_msg"}
{"payload":{"local_timestamp":1699472437737,"message_id":127,"stderr":true,"stdout":"  5                -1  1    295424  models.common.Conv                      [128, 256, 3, 2]              \n"},"type":"ws_msg"}
{"payload":{"local_timestamp":1699472437753,"message_id":128,"stderr":true,"stdout":"  6                -1  3    641792  models.common.BottleneckCSP             [256, 256, 3]                 \n"},"type":"ws_msg"}
{"payload":{"local_timestamp":1699472437766,"message_id":129,"stderr":true,"stdout":"  7                -1  1   1180672  models.common.Conv                      [256, 512, 3, 2]              \n"},"type":"ws_msg"}
{"payload":{"local_timestamp":1699472437773,"message_id":130,"stderr":true,"stdout":"  8                -1  1    656896  models.common.SPP                       [512, 512, [5, 9, 13]]        \n"},"type":"ws_msg"}
{"payload":{"local_timestamp":1699472437807,"message_id":131,"stderr":true,"stdout":"  9                -1  2   1905152  models.common.BottleneckCSP             [512, 512, 2]                 \n"},"type":"ws_msg"}
{"payload":{"local_timestamp":1699472437826,"message_id":132,"stderr":true,"stdout":" 10                -1  1   1248768  models.common.BottleneckCSP             [512, 512, 1, False]          \n"},"type":"ws_msg"}
{"payload":{"local_timestamp":1699472437826,"message_id":133,"stderr":true,"stdout":" 11                -1  1        19  torch.nn.modules.conv.Conv2d            [18, 1, 1, 0]                 \n"},"type":"ws_msg"}
{"payload":{"local_timestamp":1699472437826,"message_id":134,"stderr":true,"stdout":" 12                -2  1         0  torch.nn.modules.upsampling.Upsample    [None, 2, 'nearest']          \n"},"type":"ws_msg"}
{"payload":{"local_timestamp":1699472437826,"message_id":135,"stderr":true,"stdout":" 13           [-1, 6]  1         0  models.common.Concat                    [1]                           \n"},"type":"ws_msg"}
{"payload":{"local_timestamp":1699472437826,"message_id":136,"stderr":true,"stdout":" 14                -1  1    197120  models.common.Conv                      [768, 256, 1, 1]              \n"},"type":"ws_msg"}
{"payload":{"local_timestamp":1699472437839,"message_id":137,"stderr":true,"stdout":" 15                -1  1    313088  models.common.BottleneckCSP             [256, 256, 1, False]          \n"},"type":"ws_msg"}
{"payload":{"local_timestamp":1699472437839,"message_id":138,"stderr":true,"stdout":" 16                -1  1        19  torch.nn.modules.conv.Conv2d            [18, 1, 1, 0]                 \n"},"type":"ws_msg"}
{"payload":{"local_timestamp":1699472437839,"message_id":139,"stderr":true,"stdout":" 17                -2  1         0  torch.nn.modules.upsampling.Upsample    [None, 2, 'nearest']          \n"},"type":"ws_msg"}
{"payload":{"local_timestamp":1699472437839,"message_id":140,"stderr":true,"stdout":" 18           [-1, 4]  1         0  models.common.Concat                    [1]                           \n"},"type":"ws_msg"}
{"payload":{"local_timestamp":1699472437844,"message_id":141,"stderr":true,"stdout":" 19                -1  1     49408  models.common.Conv                      [384, 128, 1, 1]              \n"},"type":"ws_msg"}
{"payload":{"local_timestamp":1699472437844,"message_id":142,"stderr":true,"stdout":" 20                -1  1     78720  models.common.BottleneckCSP             [128, 128, 1, False]          \n"},"type":"ws_msg"}
{"payload":{"local_timestamp":1699472437844,"message_id":143,"stderr":true,"stdout":" 21                -1  1        19  torch.nn.modules.conv.Conv2d            [18, 1, 1, 0]                 \n"},"type":"ws_msg"}
{"payload":{"local_timestamp":1699472437859,"message_id":144,"stderr":true,"stdout":" 22                []  1         0  models.yolo.Detect                      [1, [[10, 13, 16, 30, 33, 23], [30, 61, 62, 45, 59, 119], [116, 90, 156, 198, 373, 326]], []]\n"},"type":"ws_msg"}
{"payload":{"local_timestamp":1699472439333,"message_id":145,"stderr":true,"stdout":"Traceback (most recent call last):\n  File \"c:\\Users\\admin\\OneDrive\\Documents\\GitHub\\Other\\biotech-oil-spills-2023\\yolov5\\train.py\", line 647, in <module>\n    main(opt)\n  File \"c:\\Users\\admin\\OneDrive\\Documents\\GitHub\\Other\\biotech-oil-spills-2023\\yolov5\\train.py\", line 536, in main\n    train(opt.hyp, opt, device, callbacks)\n  File \"c:\\Users\\admin\\OneDrive\\Documents\\GitHub\\Other\\biotech-oil-spills-2023\\yolov5\\train.py\", line 130, in train\n    model = Model(cfg or ckpt['model'].yaml, ch=3, nc=nc, anchors=hyp.get('anchors')).to(device)  # create\n  File \"c:\\Users\\admin\\OneDrive\\Documents\\GitHub\\Other\\biotech-oil-spills-2023\\yolov5\\models\\yolo.py\", line 195, in __init__\n    m.stride = torch.tensor([s / x.shape[-2] for x in forward(torch.zeros(1, ch, s, s))])  # forward\n  File \"c:\\Users\\admin\\OneDrive\\Documents\\GitHub\\Other\\biotech-oil-spills-2023\\yolov5\\models\\yolo.py\", line 194, in <lambda>\n    forward = lambda x: self.forward(x)[0] if isinstance(m, Segment) else self.forward(x)\n  File \"c:\\Users\\admin\\OneDrive\\Documents\\GitHub\\Other\\biotech-oil-spills-2023\\yolov5\\models\\yolo.py\", line 209, in forward\n    return self._forward_once(x, profile, visualize)  # single-scale inference, train\n  File \"c:\\Users\\admin\\OneDrive\\Documents\\GitHub\\Other\\biotech-oil-spills-2023\\yolov5\\models\\yolo.py\", line 121, in _forward_once\n    x = m(x)  # run\n  File \"c:\\Users\\admin\\OneDrive\\Documents\\GitHub\\Other\\biotech-oil-spills-2023\\venv\\lib\\site-packages\\torch\\nn\\modules\\module.py\", line 1518, in _wrapped_call_impl\n    return self._call_impl(*args, **kwargs)\n  File \"c:\\Users\\admin\\OneDrive\\Documents\\GitHub\\Other\\biotech-oil-spills-2023\\venv\\lib\\site-packages\\torch\\nn\\modules\\module.py\", line 1527, in _call_impl\n    return forward_call(*args, **kwargs)\n  File \"c:\\Users\\admin\\OneDrive\\Documents\\GitHub\\Other\\biotech-oil-spills-2023\\venv\\lib\\site-packages\\torch\\nn\\modules\\conv.py\", line 460, in forward\n    return self._conv_forward(input, self.weight, self.bias)\n  File \"c:\\Users\\admin\\OneDrive\\Documents\\GitHub\\Other\\biotech-oil-spills-2023\\venv\\lib\\site-packages\\torch\\nn\\modules\\conv.py\", line 456, in _conv_forward\n    return F.conv2d(input, weight, bias, self.stride,\nRuntimeError: non-positive stride is not supported\n"},"type":"ws_msg"}
{"payload":{"local_timestamp":1699472439333,"message_id":146,"stderr":true,"stdout":"COMET INFO: ---------------------------------------------------------------------------------------\n"},"type":"ws_msg"}
{"payload":{"local_timestamp":1699472439333,"message_id":147,"stderr":true,"stdout":"COMET INFO: Comet.ml OfflineExperiment Summary\n"},"type":"ws_msg"}
{"payload":{"local_timestamp":1699472439333,"message_id":148,"stderr":true,"stdout":"COMET INFO: ---------------------------------------------------------------------------------------\n"},"type":"ws_msg"}
{"payload":{"local_timestamp":1699472439333,"message_id":149,"stderr":true,"stdout":"COMET INFO:   Data:\n"},"type":"ws_msg"}
{"payload":{"local_timestamp":1699472439333,"message_id":150,"stderr":true,"stdout":"COMET INFO:     display_summary_level : 1\n"},"type":"ws_msg"}
{"payload":{"local_timestamp":1699472439333,"message_id":151,"stderr":true,"stdout":"COMET INFO:     url                   : [OfflineExperiment will get URL after upload]\n"},"type":"ws_msg"}
{"payload":{"local_timestamp":1699472439333,"message_id":152,"stderr":true,"stdout":"COMET INFO:   Others:\n"},"type":"ws_msg"}
{"payload":{"local_timestamp":1699472439333,"message_id":153,"stderr":true,"stdout":"COMET INFO:     Created from                : YOLOv5\n"},"type":"ws_msg"}
{"payload":{"local_timestamp":1699472439337,"message_id":154,"stderr":true,"stdout":"COMET INFO:     Name                        : exp\n"},"type":"ws_msg"}
{"payload":{"local_timestamp":1699472439338,"message_id":155,"stderr":true,"stdout":"COMET INFO:     comet_log_batch_metrics     : False\n"},"type":"ws_msg"}
{"payload":{"local_timestamp":1699472439338,"message_id":156,"stderr":true,"stdout":"COMET INFO:     comet_log_confusion_matrix  : True\n"},"type":"ws_msg"}
{"payload":{"local_timestamp":1699472439338,"message_id":157,"stderr":true,"stdout":"COMET INFO:     comet_log_per_class_metrics : False\n"},"type":"ws_msg"}
{"payload":{"local_timestamp":1699472439338,"message_id":158,"stderr":true,"stdout":"COMET INFO:     comet_max_image_uploads     : 100\n"},"type":"ws_msg"}
{"payload":{"local_timestamp":1699472439338,"message_id":159,"stderr":true,"stdout":"COMET INFO:     comet_mode                  : online\n"},"type":"ws_msg"}
{"payload":{"local_timestamp":1699472439338,"message_id":160,"stderr":true,"stdout":"COMET INFO:     comet_model_name            : yolov5\n"},"type":"ws_msg"}
{"payload":{"local_timestamp":1699472439338,"message_id":161,"stderr":true,"stdout":"COMET INFO:     hasNestedParams             : True\n"},"type":"ws_msg"}
{"payload":{"local_timestamp":1699472439338,"message_id":162,"stderr":true,"stdout":"COMET INFO:     offline_experiment          : True\n"},"type":"ws_msg"}
{"payload":{"local_timestamp":1699472439338,"message_id":163,"stderr":true,"stdout":"COMET INFO:   Parameters:\n"},"type":"ws_msg"}
{"payload":{"local_timestamp":1699472439338,"message_id":164,"stderr":true,"stdout":"COMET INFO:     anchor_t            : 4.0\n"},"type":"ws_msg"}
{"payload":{"local_timestamp":1699472439341,"message_id":165,"stderr":true,"stdout":"COMET INFO:     artifact_alias      : latest\n"},"type":"ws_msg"}
{"payload":{"local_timestamp":1699472439341,"message_id":166,"stderr":true,"stdout":"COMET INFO:     batch_size          : 165\n"},"type":"ws_msg"}
{"payload":{"local_timestamp":1699472439341,"message_id":167,"stderr":true,"stdout":"COMET INFO:     bbox_interval       : -1\n"},"type":"ws_msg"}
{"payload":{"local_timestamp":1699472439342,"message_id":168,"stderr":true,"stdout":"COMET INFO:     box                 : 0.05\n"},"type":"ws_msg"}
{"payload":{"local_timestamp":1699472439343,"message_id":169,"stderr":true,"stdout":"COMET INFO:     bucket              : \n"},"type":"ws_msg"}
{"payload":{"local_timestamp":1699472439343,"message_id":170,"stderr":true,"stdout":"COMET INFO:     cls                 : 0.5\n"},"type":"ws_msg"}
{"payload":{"local_timestamp":1699472439343,"message_id":171,"stderr":true,"stdout":"COMET INFO:     cls_pw              : 1.0\n"},"type":"ws_msg"}
{"payload":{"local_timestamp":1699472439343,"message_id":172,"stderr":true,"stdout":"COMET INFO:     copy_paste          : 0.0\n"},"type":"ws_msg"}
{"payload":{"local_timestamp":1699472439343,"message_id":173,"stderr":true,"stdout":"COMET INFO:     cos_lr              : False\n"},"type":"ws_msg"}
{"payload":{"local_timestamp":1699472439343,"message_id":174,"stderr":true,"stdout":"COMET INFO:     degrees             : 0.0\n"},"type":"ws_msg"}
{"payload":{"local_timestamp":1699472439343,"message_id":175,"stderr":true,"stdout":"COMET INFO:     device              : \n"},"type":"ws_msg"}
{"payload":{"local_timestamp":1699472439343,"message_id":176,"stderr":true,"stdout":"COMET INFO:     entity              : 1\n"},"type":"ws_msg"}
{"payload":{"local_timestamp":1699472439343,"message_id":177,"stderr":true,"stdout":"COMET INFO:     evolve              : 1\n"},"type":"ws_msg"}
{"payload":{"local_timestamp":1699472439343,"message_id":178,"stderr":true,"stdout":"COMET INFO:     exist_ok            : False\n"},"type":"ws_msg"}
{"payload":{"local_timestamp":1699472439346,"message_id":179,"stderr":true,"stdout":"COMET INFO:     fl_gamma            : 0.0\n"},"type":"ws_msg"}
{"payload":{"local_timestamp":1699472439346,"message_id":180,"stderr":true,"stdout":"COMET INFO:     fliplr              : 0.5\n"},"type":"ws_msg"}
{"payload":{"local_timestamp":1699472439346,"message_id":181,"stderr":true,"stdout":"COMET INFO:     flipud              : 0.0\n"},"type":"ws_msg"}
{"payload":{"local_timestamp":1699472439346,"message_id":182,"stderr":true,"stdout":"COMET INFO:     freeze              : [0]\n"},"type":"ws_msg"}
{"payload":{"local_timestamp":1699472439348,"message_id":183,"stderr":true,"stdout":"COMET INFO:     hsv_h               : 0.015\n"},"type":"ws_msg"}
{"payload":{"local_timestamp":1699472439348,"message_id":184,"stderr":true,"stdout":"COMET INFO:     hsv_s               : 0.7\n"},"type":"ws_msg"}
{"payload":{"local_timestamp":1699472439348,"message_id":185,"stderr":true,"stdout":"COMET INFO:     hsv_v               : 0.4\n"},"type":"ws_msg"}
{"payload":{"local_timestamp":1699472439348,"message_id":186,"stderr":true,"stdout":"COMET INFO:     hyp|anchor_t        : 4.0\n"},"type":"ws_msg"}
{"payload":{"local_timestamp":1699472439349,"message_id":187,"stderr":true,"stdout":"COMET INFO:     hyp|box             : 0.05\n"},"type":"ws_msg"}
{"payload":{"local_timestamp":1699472439349,"message_id":188,"stderr":true,"stdout":"COMET INFO:     hyp|cls             : 0.5\n"},"type":"ws_msg"}
{"payload":{"local_timestamp":1699472439349,"message_id":189,"stderr":true,"stdout":"COMET INFO:     hyp|cls_pw          : 1.0\n"},"type":"ws_msg"}
{"payload":{"local_timestamp":1699472439349,"message_id":190,"stderr":true,"stdout":"COMET INFO:     hyp|copy_paste      : 0.0\n"},"type":"ws_msg"}
{"payload":{"local_timestamp":1699472439350,"message_id":191,"stderr":true,"stdout":"COMET INFO:     hyp|degrees         : 0.0\n"},"type":"ws_msg"}
{"payload":{"local_timestamp":1699472439350,"message_id":192,"stderr":true,"stdout":"COMET INFO:     hyp|fl_gamma        : 0.0\n"},"type":"ws_msg"}
{"payload":{"local_timestamp":1699472439351,"message_id":193,"stderr":true,"stdout":"COMET INFO:     hyp|fliplr          : 0.5\n"},"type":"ws_msg"}
{"payload":{"local_timestamp":1699472439351,"message_id":194,"stderr":true,"stdout":"COMET INFO:     hyp|flipud          : 0.0\n"},"type":"ws_msg"}
{"payload":{"local_timestamp":1699472439351,"message_id":195,"stderr":true,"stdout":"COMET INFO:     hyp|hsv_h           : 0.015\n"},"type":"ws_msg"}
{"payload":{"local_timestamp":1699472439351,"message_id":196,"stderr":true,"stdout":"COMET INFO:     hyp|hsv_s           : 0.7\n"},"type":"ws_msg"}
{"payload":{"local_timestamp":1699472439351,"message_id":197,"stderr":true,"stdout":"COMET INFO:     hyp|hsv_v           : 0.4\n"},"type":"ws_msg"}
{"payload":{"local_timestamp":1699472439353,"message_id":198,"stderr":true,"stdout":"COMET INFO:     hyp|iou_t           : 0.2\n"},"type":"ws_msg"}
{"payload":{"local_timestamp":1699472439353,"message_id":199,"stderr":true,"stdout":"COMET INFO:     hyp|lr0             : 0.01\n"},"type":"ws_msg"}
{"payload":{"local_timestamp":1699472439354,"message_id":200,"stderr":true,"stdout":"COMET INFO:     hyp|lrf             : 0.01\n"},"type":"ws_msg"}
{"payload":{"local_timestamp":1699472439354,"message_id":201,"stderr":true,"stdout":"COMET INFO:     hyp|mixup           : 0.0\n"},"type":"ws_msg"}
{"payload":{"local_timestamp":1699472439354,"message_id":202,"stderr":true,"stdout":"COMET INFO:     hyp|momentum        : 0.937\n"},"type":"ws_msg"}
{"payload":{"local_timestamp":1699472439354,"message_id":203,"stderr":true,"stdout":"COMET INFO:     hyp|mosaic          : 1.0\n"},"type":"ws_msg"}
{"payload":{"local_timestamp":1699472439354,"message_id":204,"stderr":true,"stdout":"COMET INFO:     hyp|obj             : 1.0\n"},"type":"ws_msg"}
{"payload":{"local_timestamp":1699472439354,"message_id":205,"stderr":true,"stdout":"COMET INFO:     hyp|obj_pw          : 1.0\n"},"type":"ws_msg"}
{"payload":{"local_timestamp":1699472439354,"message_id":206,"stderr":true,"stdout":"COMET INFO:     hyp|perspective     : 0.0\n"},"type":"ws_msg"}
{"payload":{"local_timestamp":1699472439354,"message_id":207,"stderr":true,"stdout":"COMET INFO:     hyp|scale           : 0.5\n"},"type":"ws_msg"}
{"payload":{"local_timestamp":1699472439354,"message_id":208,"stderr":true,"stdout":"COMET INFO:     hyp|shear           : 0.0\n"},"type":"ws_msg"}
{"payload":{"local_timestamp":1699472439354,"message_id":209,"stderr":true,"stdout":"COMET INFO:     hyp|translate       : 0.1\n"},"type":"ws_msg"}
{"payload":{"local_timestamp":1699472439354,"message_id":210,"stderr":true,"stdout":"COMET INFO:     hyp|warmup_bias_lr  : 0.1\n"},"type":"ws_msg"}
{"payload":{"local_timestamp":1699472439354,"message_id":211,"stderr":true,"stdout":"COMET INFO:     hyp|warmup_epochs   : 3.0\n"},"type":"ws_msg"}
{"payload":{"local_timestamp":1699472439354,"message_id":212,"stderr":true,"stdout":"COMET INFO:     hyp|warmup_momentum : 0.8\n"},"type":"ws_msg"}
{"payload":{"local_timestamp":1699472439354,"message_id":213,"stderr":true,"stdout":"COMET INFO:     hyp|weight_decay    : 0.0005\n"},"type":"ws_msg"}
{"payload":{"local_timestamp":1699472439358,"message_id":214,"stderr":true,"stdout":"COMET INFO:     image_weights       : False\n"},"type":"ws_msg"}
{"payload":{"local_timestamp":1699472439358,"message_id":215,"stderr":true,"stdout":"COMET INFO:     imgsz               : 640\n"},"type":"ws_msg"}
{"payload":{"local_timestamp":1699472439358,"message_id":216,"stderr":true,"stdout":"COMET INFO:     iou_t               : 0.2\n"},"type":"ws_msg"}
{"payload":{"local_timestamp":1699472439358,"message_id":217,"stderr":true,"stdout":"COMET INFO:     label_smoothing     : 0.0\n"},"type":"ws_msg"}
{"payload":{"local_timestamp":1699472439358,"message_id":218,"stderr":true,"stdout":"COMET INFO:     local_rank          : -1\n"},"type":"ws_msg"}
{"payload":{"local_timestamp":1699472439358,"message_id":219,"stderr":true,"stdout":"COMET INFO:     lr0                 : 0.01\n"},"type":"ws_msg"}
{"payload":{"local_timestamp":1699472439358,"message_id":220,"stderr":true,"stdout":"COMET INFO:     lrf                 : 0.01\n"},"type":"ws_msg"}
{"payload":{"local_timestamp":1699472439358,"message_id":221,"stderr":true,"stdout":"COMET INFO:     mixup               : 0.0\n"},"type":"ws_msg"}
{"payload":{"local_timestamp":1699472439361,"message_id":222,"stderr":true,"stdout":"COMET INFO:     momentum            : 0.937\n"},"type":"ws_msg"}
{"payload":{"local_timestamp":1699472439361,"message_id":223,"stderr":true,"stdout":"COMET INFO:     mosaic              : 1.0\n"},"type":"ws_msg"}
{"payload":{"local_timestamp":1699472439361,"message_id":224,"stderr":true,"stdout":"COMET INFO:     multi_scale         : False\n"},"type":"ws_msg"}
{"payload":{"local_timestamp":1699472439361,"message_id":225,"stderr":true,"stdout":"COMET INFO:     name                : exp\n"},"type":"ws_msg"}
{"payload":{"local_timestamp":1699472439361,"message_id":226,"stderr":true,"stdout":"COMET INFO:     noautoanchor        : False\n"},"type":"ws_msg"}
{"payload":{"local_timestamp":1699472439361,"message_id":227,"stderr":true,"stdout":"COMET INFO:     noplots             : False\n"},"type":"ws_msg"}
{"payload":{"local_timestamp":1699472439361,"message_id":228,"stderr":true,"stdout":"COMET INFO:     nosave              : False\n"},"type":"ws_msg"}
{"payload":{"local_timestamp":1699472439361,"message_id":229,"stderr":true,"stdout":"COMET INFO:     noval               : False\n"},"type":"ws_msg"}
{"payload":{"local_timestamp":1699472439361,"message_id":230,"stderr":true,"stdout":"COMET INFO:     obj                 : 1.0\n"},"type":"ws_msg"}
{"payload":{"local_timestamp":1699472439361,"message_id":231,"stderr":true,"stdout":"COMET INFO:     obj_pw              : 1.0\n"},"type":"ws_msg"}
{"payload":{"local_timestamp":1699472439361,"message_id":232,"stderr":true,"stdout":"COMET INFO:     optimizer           : SGD\n"},"type":"ws_msg"}
{"payload":{"local_timestamp":1699472439361,"message_id":233,"stderr":true,"stdout":"COMET INFO:     patience            : 100\n"},"type":"ws_msg"}
{"payload":{"local_timestamp":1699472439361,"message_id":234,"stderr":true,"stdout":"COMET INFO:     perspective         : 0.0\n"},"type":"ws_msg"}
{"payload":{"local_timestamp":1699472439361,"message_id":235,"stderr":true,"stdout":"COMET INFO:     project             : yolov5\\runs\\train\n"},"type":"ws_msg"}
{"payload":{"local_timestamp":1699472439361,"message_id":236,"stderr":true,"stdout":"COMET INFO:     quad                : False\n"},"type":"ws_msg"}
{"payload":{"local_timestamp":1699472439361,"message_id":237,"stderr":true,"stdout":"COMET INFO:     rect                : False\n"},"type":"ws_msg"}
{"payload":{"local_timestamp":1699472439361,"message_id":238,"stderr":true,"stdout":"COMET INFO:     resume              : False\n"},"type":"ws_msg"}
{"payload":{"local_timestamp":1699472439361,"message_id":239,"stderr":true,"stdout":"COMET INFO:     save_dir            : yolov5\\runs\\train\\exp13\n"},"type":"ws_msg"}
{"payload":{"local_timestamp":1699472439366,"message_id":240,"stderr":true,"stdout":"COMET INFO:     save_period         : -1\n"},"type":"ws_msg"}
{"payload":{"local_timestamp":1699472439366,"message_id":241,"stderr":true,"stdout":"COMET INFO:     scale               : 0.5\n"},"type":"ws_msg"}
{"payload":{"local_timestamp":1699472439367,"message_id":242,"stderr":true,"stdout":"COMET INFO:     seed                : 0\n"},"type":"ws_msg"}
{"payload":{"local_timestamp":1699472439368,"message_id":243,"stderr":true,"stdout":"COMET INFO:     shear               : 0.0\n"},"type":"ws_msg"}
{"payload":{"local_timestamp":1699472439368,"message_id":244,"stderr":true,"stdout":"COMET INFO:     single_cls          : False\n"},"type":"ws_msg"}
{"payload":{"local_timestamp":1699472439368,"message_id":245,"stderr":true,"stdout":"COMET INFO:     sync_bn             : False\n"},"type":"ws_msg"}
{"payload":{"local_timestamp":1699472439368,"message_id":246,"stderr":true,"stdout":"COMET INFO:     translate           : 0.1\n"},"type":"ws_msg"}
{"payload":{"local_timestamp":1699472439368,"message_id":247,"stderr":true,"stdout":"COMET INFO:     upload_dataset      : False\n"},"type":"ws_msg"}
{"payload":{"local_timestamp":1699472439368,"message_id":248,"stderr":true,"stdout":"COMET INFO:     val_conf_threshold  : 0.001\n"},"type":"ws_msg"}
{"payload":{"local_timestamp":1699472439368,"message_id":249,"stderr":true,"stdout":"COMET INFO:     val_iou_threshold   : 0.6\n"},"type":"ws_msg"}
{"payload":{"local_timestamp":1699472439368,"message_id":250,"stderr":true,"stdout":"COMET INFO:     warmup_bias_lr      : 0.1\n"},"type":"ws_msg"}
{"payload":{"local_timestamp":1699472439368,"message_id":251,"stderr":true,"stdout":"COMET INFO:     warmup_epochs       : 3.0\n"},"type":"ws_msg"}
{"payload":{"local_timestamp":1699472439368,"message_id":252,"stderr":true,"stdout":"COMET INFO:     warmup_momentum     : 0.8\n"},"type":"ws_msg"}
{"payload":{"local_timestamp":1699472439368,"message_id":253,"stderr":true,"stdout":"COMET INFO:     weight_decay        : 0.0005\n"},"type":"ws_msg"}
{"payload":{"local_timestamp":1699472439368,"message_id":254,"stderr":true,"stdout":"COMET INFO:     workers             : 8\n"},"type":"ws_msg"}
{"payload":{"local_timestamp":1699472439368,"message_id":255,"stderr":true,"stdout":"COMET INFO:   Uploads:\n"},"type":"ws_msg"}
{"payload":{"local_timestamp":1699472439368,"message_id":256,"stderr":true,"stdout":"COMET INFO:     asset               : 3 (1.49 KB)\n"},"type":"ws_msg"}
{"payload":{"local_timestamp":1699472439368,"message_id":257,"stderr":true,"stdout":"COMET INFO:     environment details : 1\n"},"type":"ws_msg"}
{"payload":{"local_timestamp":1699472439368,"message_id":258,"stderr":true,"stdout":"COMET INFO:     git metadata        : 1\n"},"type":"ws_msg"}
{"payload":{"local_timestamp":1699472439368,"message_id":259,"stderr":true,"stdout":"COMET INFO:     installed packages  : 1\n"},"type":"ws_msg"}
{"payload":{"local_timestamp":1699472439368,"message_id":260,"stderr":true,"stdout":"COMET INFO: \n"},"type":"ws_msg"}
