{"payload":{"installed_packages":["asttokens==2.4.1","attrs==23.1.0","certifi==2023.7.22","charset-normalizer==3.3.2","colorama==0.4.6","comet-ml==3.35.2","comm==0.2.0","configobj==5.0.8","contourpy==1.2.0","cycler==0.12.1","debugpy==1.8.0","decorator==5.1.1","dulwich==0.21.6","everett==3.1.0","exceptiongroup==1.1.3","executing==2.0.1","filelock==3.13.1","fonttools==4.44.0","fsspec==2023.10.0","gitdb==4.0.11","gitpython==3.1.40","idna==3.4","ipykernel==6.26.0","ipython==8.17.2","jedi==0.19.1","jinja2==3.1.2","jsonschema-specifications==2023.7.1","jsonschema==4.19.2","jupyter-client==8.6.0","jupyter-core==5.5.0","kiwisolver==1.4.5","markdown-it-py==3.0.0","markupsafe==2.1.3","matplotlib-inline==0.1.6","matplotlib==3.8.1","mdurl==0.1.2","mpmath==1.3.0","nest-asyncio==1.5.8","networkx==3.2.1","numpy==1.26.1","opencv-python==4.8.1.78","packaging==23.2","pandas==2.1.2","parso==0.8.3","pillow==10.1.0","pip==23.3.1","platformdirs==3.11.0","prompt-toolkit==3.0.39","psutil==5.9.6","pure-eval==0.2.2","py-cpuinfo==9.0.0","pygments==2.16.1","pyparsing==3.1.1","python-box==6.1.0","python-dateutil==2.8.2","pytz==2023.3.post1","pywin32==306","pyyaml==6.0.1","pyzmq==25.1.1","referencing==0.30.2","requests-toolbelt==1.0.0","requests==2.31.0","rich==13.6.0","rpds-py==0.12.0","scipy==1.11.3","seaborn==0.13.0","semantic-version==2.10.0","sentry-sdk==1.34.0","setuptools==68.2.1","simplejson==3.19.2","six==1.16.0","smmap==5.0.1","stack-data==0.6.3","sympy==1.12","thop==0.1.1.post2209072238","torch==2.1.0+cu118","torchaudio==2.1.0+cu118","torchvision==0.16.0","tornado==6.3.3","tqdm==4.66.1","traitlets==5.13.0","typing-extensions==4.8.0","tzdata==2023.3","ultralytics==8.0.207","urllib3==2.0.7","utils==1.0.1","wcwidth==0.2.9","websocket-client==1.3.3","wheel==0.41.2","wrapt==1.15.0","wurlitzer==3.0.3"],"local_timestamp":1699422058045,"message_id":1},"type":"ws_msg"}
{"payload":{"env_details":{"command":["yolov5/train.py","--batch","165","--epochs","3","--data","oil_spill_data.yaml","--cfg","yolov5.yaml","--weights","yolov5s.pt","--cache"],"env":null,"hostname":"DESKTOP-VTP7K0U","ip":"192.168.1.204","machine":"AMD64","os":"Windows-10-10.0.22621-SP0","os_release":"10","os_type":"Windows","pid":4256,"processor":"AMD64 Family 25 Model 80 Stepping 0, AuthenticAMD","python_exe":"c:\\Users\\admin\\OneDrive\\Documents\\GitHub\\Other\\biotech-oil-spills-2023\\venv\\Scripts\\python.exe","python_version":"3.10.11","python_version_verbose":"3.10.11 (tags/v3.10.11:7d4cc5a, Apr  5 2023, 00:38:17) [MSC v.1929 64 bit (AMD64)]","user":"admin"},"local_timestamp":1699422058077,"message_id":2},"type":"ws_msg"}
{"payload":{"local_timestamp":1699422058692,"message_id":3,"metric":{"epoch":null,"metricName":"sys.cpu.percent.avg","metricValue":0.0,"step":null}},"type":"metric_msg"}
{"payload":{"local_timestamp":1699422058692,"message_id":4,"metric":{"epoch":null,"metricName":"sys.ram.total","metricValue":16483872768,"step":null}},"type":"metric_msg"}
{"payload":{"local_timestamp":1699422058692,"message_id":5,"metric":{"epoch":null,"metricName":"sys.ram.used","metricValue":12055183360,"step":null}},"type":"metric_msg"}
{"payload":{"local_timestamp":1699422058692,"message_id":6,"metric":{"epoch":null,"metricName":"sys.ram.available","metricValue":4428689408,"step":null}},"type":"metric_msg"}
{"payload":{"local_timestamp":1699422058692,"message_id":7,"metric":{"epoch":null,"metricName":"sys.ram.percent.used","metricValue":73.1,"step":null}},"type":"metric_msg"}
{"payload":{"local_timestamp":1699422058692,"message_id":8,"metric":{"epoch":null,"metricName":"sys.load.avg","metricValue":0.0,"step":null}},"type":"metric_msg"}
{"payload":{"local_timestamp":1699422058693,"message_id":9,"param":{"paramName":"batch","paramValue":165,"source":"cli","step":null}},"type":"parameter_msg"}
{"payload":{"local_timestamp":1699422058693,"message_id":10,"param":{"paramName":"epochs","paramValue":3,"source":"cli","step":null}},"type":"parameter_msg"}
{"payload":{"local_timestamp":1699422058693,"message_id":11,"param":{"paramName":"data","paramValue":"oil_spill_data.yaml","source":"cli","step":null}},"type":"parameter_msg"}
{"payload":{"local_timestamp":1699422058693,"message_id":12,"param":{"paramName":"cfg","paramValue":"yolov5.yaml","source":"cli","step":null}},"type":"parameter_msg"}
{"payload":{"local_timestamp":1699422058693,"message_id":13,"param":{"paramName":"weights","paramValue":"yolov5s.pt","source":"cli","step":null}},"type":"parameter_msg"}
{"payload":{"local_timestamp":1699422058693,"message_id":14,"param":{"paramName":"cache","paramValue":true,"source":"cli","step":null}},"type":"parameter_msg"}
{"payload":{"local_timestamp":1699422058694,"log_other":{"key":"offline_experiment","val":true},"message_id":15},"type":"ws_msg"}
{"payload":{"local_timestamp":1699422058695,"log_other":{"key":"Name","val":"exp"},"message_id":16},"type":"ws_msg"}
{"payload":{"additional_params":{"assetId":"79574e6b1bc947528b9b2ffa6f474c37","context":null,"extension":"yaml","fileName":"oil_spill_data.yaml","overwrite":false,"runId":null,"step":null},"clean":true,"file_path":"tmp3n_6uudz","local_timestamp":1699422058698,"message_id":17,"metadata":{"type":"data-config-file"},"upload_type":"asset"},"type":"file_upload"}
{"payload":{"local_timestamp":1699422058738,"message_id":18,"stderr":true,"stdout":"\nDataset not found , missing paths ['C:\\\\Users\\\\admin\\\\OneDrive\\\\Documents\\\\GitHub\\\\Other\\\\biotech-oil-spills-2023\\\\yolov5\\\\Oil Spills Dataset\\\\obj_train_data\\\\val']\n"},"type":"ws_msg"}
{"payload":{"local_timestamp":1699422058740,"message_id":19,"stderr":true,"stdout":"Traceback (most recent call last):\n  File \"c:\\Users\\admin\\OneDrive\\Documents\\GitHub\\Other\\biotech-oil-spills-2023\\yolov5\\train.py\", line 647, in <module>\n    main(opt)\n  File \"c:\\Users\\admin\\OneDrive\\Documents\\GitHub\\Other\\biotech-oil-spills-2023\\yolov5\\train.py\", line 536, in main\n    train(opt.hyp, opt, device, callbacks)\n  File \"c:\\Users\\admin\\OneDrive\\Documents\\GitHub\\Other\\biotech-oil-spills-2023\\yolov5\\train.py\", line 101, in train\n    loggers = Loggers(save_dir, weights, opt, hyp, LOGGER)  # loggers instance\n  File \"c:\\Users\\admin\\OneDrive\\Documents\\GitHub\\Other\\biotech-oil-spills-2023\\yolov5\\utils\\loggers\\__init__.py\", line 129, in __init__\n    self.comet_logger = CometLogger(self.opt, self.hyp)\n  File \"c:\\Users\\admin\\OneDrive\\Documents\\GitHub\\Other\\biotech-oil-spills-2023\\yolov5\\utils\\loggers\\comet\\__init__.py\", line 98, in __init__\n    self.data_dict = self.check_dataset(self.opt.data)\n  File \"c:\\Users\\admin\\OneDrive\\Documents\\GitHub\\Other\\biotech-oil-spills-2023\\yolov5\\utils\\loggers\\comet\\__init__.py\", line 244, in check_dataset\n    return check_dataset(data_file)\n  File \"c:\\Users\\admin\\OneDrive\\Documents\\GitHub\\Other\\biotech-oil-spills-2023\\yolov5\\utils\\general.py\", line 527, in check_dataset\n    raise Exception('Dataset not found \u274c')\nException: Dataset not found \u274c\n"},"type":"ws_msg"}
{"payload":{"git_meta":{"branch":"refs/heads/master","origin":"https://github.com/Yoda-Flash/oil-spills.git","parent":null,"repo_name":"oil-spills","root":null,"status":null,"user":"Yoda-Flash"},"local_timestamp":1699422058770,"message_id":20},"type":"ws_msg"}
{"payload":{"local_timestamp":1699422058771,"message_id":21,"stderr":true,"stdout":"COMET INFO: ---------------------------------------------------------------------------------------\n"},"type":"ws_msg"}
{"payload":{"local_timestamp":1699422058771,"message_id":22,"stderr":true,"stdout":"COMET INFO: Comet.ml OfflineExperiment Summary\n"},"type":"ws_msg"}
{"payload":{"local_timestamp":1699422058772,"message_id":23,"stderr":true,"stdout":"COMET INFO: ---------------------------------------------------------------------------------------\n"},"type":"ws_msg"}
{"payload":{"local_timestamp":1699422058772,"message_id":24,"stderr":true,"stdout":"COMET INFO:   Data:\n"},"type":"ws_msg"}
{"payload":{"local_timestamp":1699422058772,"message_id":25,"stderr":true,"stdout":"COMET INFO:     display_summary_level : 1\n"},"type":"ws_msg"}
{"payload":{"local_timestamp":1699422058772,"message_id":26,"stderr":true,"stdout":"COMET INFO:     url                   : [OfflineExperiment will get URL after upload]\n"},"type":"ws_msg"}
{"payload":{"local_timestamp":1699422058772,"message_id":27,"stderr":true,"stdout":"COMET INFO:   Others:\n"},"type":"ws_msg"}
{"payload":{"local_timestamp":1699422058773,"message_id":28,"stderr":true,"stdout":"COMET INFO:     Name               : exp\n"},"type":"ws_msg"}
{"payload":{"local_timestamp":1699422058773,"message_id":29,"stderr":true,"stdout":"COMET INFO:     offline_experiment : True\n"},"type":"ws_msg"}
{"payload":{"local_timestamp":1699422058773,"message_id":30,"stderr":true,"stdout":"COMET INFO:   Uploads:\n"},"type":"ws_msg"}
{"payload":{"local_timestamp":1699422058773,"message_id":31,"stderr":true,"stdout":"COMET INFO:     asset               : 1 (205 bytes)\n"},"type":"ws_msg"}
{"payload":{"local_timestamp":1699422058773,"message_id":32,"stderr":true,"stdout":"COMET INFO:     environment details : 1\n"},"type":"ws_msg"}
{"payload":{"local_timestamp":1699422058773,"message_id":33,"stderr":true,"stdout":"COMET INFO:     git metadata        : 1\n"},"type":"ws_msg"}
{"payload":{"local_timestamp":1699422058773,"message_id":34,"stderr":true,"stdout":"COMET INFO:     installed packages  : 1\n"},"type":"ws_msg"}
{"payload":{"local_timestamp":1699422058774,"message_id":35,"stderr":true,"stdout":"COMET INFO: \n"},"type":"ws_msg"}
